rule_id,ingredient_a,ingredient_b,evidence_level,wording,source_url,source_section,source_date,professional_verdict,reviewer,reviewed_at
R01,paracetamol,paracetamol,duplicate_ingredient,兩項產品含同一成分撲熱息痛，可能重複用藥；非經醫護人員指示，不應自行合用。,https://www.drugoffice.gov.hk/eps/do/en/consumer/news_informations/knowledge_on_medicines/paracetamol.html,Precautions: final bullet,2023-12,,,
R02,warfarin,ibuprofen,increased_bleeding_risk,華法林與 布洛芬 合用可增加出血風險，需要醫護人員評估及監測；本提示不代表一律禁用。,https://dailymed.nlm.nih.gov/dailymed/drugInfo.cfm?setid=8c876dd3-d659-479e-994c-39454c7028cc,"7.3 Drugs that Increase Bleeding Risk, Table 3",2025-01-28,,,
R03,warfarin,aspirin,increased_bleeding_risk,華法林與 阿司匹林 合用可增加出血風險，需要醫護人員評估及監測；本提示不代表一律禁用。,https://dailymed.nlm.nih.gov/dailymed/drugInfo.cfm?setid=8c876dd3-d659-479e-994c-39454c7028cc,"7.3 Drugs that Increase Bleeding Risk, Table 3",2025-01-28,,,
R04,warfarin,naproxen,increased_bleeding_risk,華法林與 萘普生 合用可增加出血風險，需要醫護人員評估及監測；本提示不代表一律禁用。,https://dailymed.nlm.nih.gov/dailymed/drugInfo.cfm?setid=8c876dd3-d659-479e-994c-39454c7028cc,"7.3 Drugs that Increase Bleeding Risk, Table 3",2025-01-28,,,
R05,warfarin,clopidogrel,increased_bleeding_risk,華法林與 氯吡格雷 合用可增加出血風險，需要醫護人員評估及監測；本提示不代表一律禁用。,https://dailymed.nlm.nih.gov/dailymed/drugInfo.cfm?setid=8c876dd3-d659-479e-994c-39454c7028cc,"7.3 Drugs that Increase Bleeding Risk, Table 3",2025-01-28,,,
R06,clopidogrel,omeprazole,label_recommends_avoid,奧美拉唑 可減弱氯吡格雷的抗血小板作用；所引說明書建議避免合用，請由開藥醫生或藥劑師確認。,https://dailymed.nlm.nih.gov/dailymed/drugInfo.cfm?setid=98a83879-4e53-41f5-83bc-681b342884dd,7.1 CYP2C19 Inhibitors / Proton Pump Inhibitors,2023-03-29,,,
R07,clopidogrel,esomeprazole,label_recommends_avoid,埃索美拉唑 可減弱氯吡格雷的抗血小板作用；所引說明書建議避免合用，請由開藥醫生或藥劑師確認。,https://dailymed.nlm.nih.gov/dailymed/drugInfo.cfm?setid=98a83879-4e53-41f5-83bc-681b342884dd,7.1 CYP2C19 Inhibitors / Proton Pump Inhibitors,2023-03-29,,,
R08,simvastatin,clarithromycin,label_contraindication,所引說明書列辛伐他汀與克拉霉素合用為禁忌，可增加肌肉損傷及橫紋肌溶解風險，請立即向醫護人員核實用藥安排。,https://dailymed.nlm.nih.gov/dailymed/drugInfo.cfm?setid=d22bd12c-737b-4aab-e053-2995a90aff60,"4.5 Lomitapide, Lovastatin, and Simvastatin",2025-01-20,,,
R09,warfarin,paracetamol,consult_before_use,正服用華法林者，使用撲熱息痛前應先徵詢醫護人員意見；這項提示不是絕對禁忌。,https://www.drugoffice.gov.hk/eps/do/en/consumer/news_informations/knowledge_on_medicines/paracetamol.html,Precautions: anticoagulants,2023-12,,,
R10,sildenafil,glyceryl trinitrate,nitrate_warning,昔多芬／西地那非與硝酸鹽類藥物（包括硝酸甘油舌下片）合用可導致血壓過低，應由醫護人員核實。,https://www.drugoffice.gov.hk/eps/do/tc/consumer/virility.html,藥物治療：PDE-5 抑制劑與硝酸藥,,,,
R11,clopidogrel,ibuprofen,increased_bleeding_risk,氯吡格雷與布洛芬合用可增加胃腸道出血風險；加用前請藥劑師或開藥醫生核實。,https://dailymed.nlm.nih.gov/dailymed/drugInfo.cfm?setid=98a83879-4e53-41f5-83bc-681b342884dd,7.2 NSAIDs; ingredient class supported by Hong Kong Drug Office oral NSAID guide,2023-03-29,,,
R12,clopidogrel,naproxen,increased_bleeding_risk,氯吡格雷與萘普生合用可增加胃腸道出血風險；加用前請藥劑師或開藥醫生核實。,https://dailymed.nlm.nih.gov/dailymed/drugInfo.cfm?setid=98a83879-4e53-41f5-83bc-681b342884dd,7.2 NSAIDs; ingredient class supported by Hong Kong Drug Office oral NSAID guide,2023-03-29,,,
R13,clarithromycin,warfarin,increased_bleeding_risk,克拉霉素與華法林合用可增加嚴重出血風險及影響 INR，需醫護核實並安排監測；不自行調整處方。,https://dailymed.nlm.nih.gov/dailymed/drugInfo.cfm?setid=d22bd12c-737b-4aab-e053-2995a90aff60,5.4 Drug interactions: Oral anticoagulants; 7 Table 8 Warfarin,2025-01-20,,,
R14,clopidogrel,aspirin,increased_bleeding_risk,阿司匹林與氯吡格雷有時是醫生刻意安排的雙重抗血小板治療，但也涉及出血風險。請核實個人處方及療程，不因這項提示自行停藥。,https://dailymed.nlm.nih.gov/dailymed/drugInfo.cfm?setid=98a83879-4e53-41f5-83bc-681b342884dd,2.1 ACS; 5.2 bleeding; 5.3 discontinuation; 5.4 recent TIA/stroke; 6.1 CURE,2023-03-29,,,
